tourist_id,travel_preferences,travel_style,budget_range,budget_limit,trip_days,destination_id,destination_category,destination_district,category_match,hotel_count,activity_count,transport_count,min_hotel_price,avg_hotel_price,min_activity_price,avg_activity_price,min_transport_price,avg_transport_price,estimated_hotel_cost,estimated_activity_cost,estimated_transport_cost,estimated_total_cost,budget_compatible,services_available,previous_booking,previous_completed_trip,suitability_score,suitable
9,Beach,Family,Moderate (Medium),10000,3,1,Hill Station,Idukki,0,2,2,1,3500.0,4100.0,750.0,975.0,2500.0,2500.0,7000.0,750.0,2500.0,10250.0,0,1,1,0,3,0
9,Beach,Family,Moderate (Medium),10000,3,11,Beach,Alappuzha,1,2,2,2,2200.0,2500.0,300.0,350.0,1600.0,1900.0,4400.0,300.0,1600.0,6300.0,1,1,0,0,7,1
9,Beach,Family,Moderate (Medium),10000,3,12,Wildlife,Idukki,0,2,2,1,2900.0,3350.0,850.0,875.0,2000.0,2000.0,5800.0,850.0,2000.0,8650.0,1,1,0,0,4,0
9,Beach,Family,Moderate (Medium),10000,3,16,Hill Station,Wayanad,0,3,2,1,2500.0,3425.0,800.0,950.0,2400.0,2400.0,5000.0,800.0,2400.0,8200.0,1,1,0,0,4,0
9,Beach,Family,Moderate (Medium),10000,3,29,Beach,Thiruvananthapuram,1,2,2,2,2800.0,3200.0,500.0,1500.0,1800.0,2100.0,5600.0,500.0,1800.0,7900.0,1,1,0,0,7,1
9,Beach,Family,Moderate (Medium),10000,3,30,Beach,Thiruvananthapuram,1,2,2,2,3800.0,4150.0,1200.0,1400.0,1600.0,2050.0,7600.0,1200.0,1600.0,10400.0,0,1,0,0,5,1
9,Beach,Family,Moderate (Medium),10000,3,31,Other,Alappuzha,0,1,2,1,4600.0,4600.0,600.0,1200.0,2800.0,2800.0,9200.0,600.0,2800.0,12600.0,0,1,0,0,2,0
9,Beach,Family,Moderate (Medium),10000,3,32,Other,Kottayam,0,2,2,2,3600.0,4400.0,800.0,1000.0,1900.0,2250.0,7200.0,800.0,1900.0,9900.0,1,1,0,0,4,0
9,Beach,Family,Moderate (Medium),10000,3,33,Other,Ernakulam,0,2,2,2,3900.0,4150.0,500.0,575.0,2500.0,2550.0,7800.0,500.0,2500.0,10800.0,0,1,0,0,2,0
9,Beach,Family,Moderate (Medium),10000,3,34,Waterfall,Thrissur,0,2,2,2,3200.0,4000.0,400.0,900.0,1800.0,2000.0,6400.0,400.0,1800.0,8600.0,1,1,0,0,4,0
9,Beach,Family,Moderate (Medium),10000,3,35,Hill Station,Idukki,0,2,2,2,2700.0,2950.0,1500.0,2500.0,2000.0,2400.0,5400.0,1500.0,2000.0,8900.0,1,1,0,0,4,0
9,Beach,Family,Moderate (Medium),10000,3,36,Beach,Kasaragod,1,2,2,2,2600.0,3350.0,350.0,650.0,1700.0,2100.0,5200.0,350.0,1700.0,7250.0,1,1,0,0,7,1
9,Beach,Family,Moderate (Medium),10000,3,37,Hill Station,Thiruvananthapuram,0,2,2,2,2500.0,2800.0,450.0,575.0,1900.0,2250.0,5000.0,450.0,1900.0,7350.0,1,1,0,0,4,0
9,Beach,Family,Moderate (Medium),10000,3,38,Wildlife,Palakkad,0,2,2,2,2600.0,3000.0,650.0,925.0,2200.0,2300.0,5200.0,650.0,2200.0,8050.0,1,1,0,0,4,0
9,Beach,Family,Moderate (Medium),10000,3,39,Beach,Alappuzha,1,2,2,2,2900.0,3750.0,450.0,675.0,1700.0,2050.0,5800.0,450.0,1700.0,7950.0,1,1,0,0,7,1
9,Beach,Family,Moderate (Medium),10000,3,40,Other,Kollam,0,2,2,2,2500.0,2800.0,400.0,500.0,1800.0,2200.0,5000.0,400.0,1800.0,7200.0,1,1,0,0,4,0
20,,Unknown,Unknown,0,3,1,Hill Station,Idukki,0,2,2,1,3500.0,4100.0,750.0,975.0,2500.0,2500.0,7000.0,750.0,2500.0,10250.0,1,1,1,0,5,1
20,,Unknown,Unknown,0,3,11,Beach,Alappuzha,0,2,2,2,2200.0,2500.0,300.0,350.0,1600.0,1900.0,4400.0,300.0,1600.0,6300.0,1,1,0,0,4,0
20,,Unknown,Unknown,0,3,12,Wildlife,Idukki,0,2,2,1,2900.0,3350.0,850.0,875.0,2000.0,2000.0,5800.0,850.0,2000.0,8650.0,1,1,0,0,4,0
20,,Unknown,Unknown,0,3,16,Hill Station,Wayanad,0,3,2,1,2500.0,3425.0,800.0,950.0,2400.0,2400.0,5000.0,800.0,2400.0,8200.0,1,1,0,0,4,0
20,,Unknown,Unknown,0,3,29,Beach,Thiruvananthapuram,0,2,2,2,2800.0,3200.0,500.0,1500.0,1800.0,2100.0,5600.0,500.0,1800.0,7900.0,1,1,0,0,4,0
20,,Unknown,Unknown,0,3,30,Beach,Thiruvananthapuram,0,2,2,2,3800.0,4150.0,1200.0,1400.0,1600.0,2050.0,7600.0,1200.0,1600.0,10400.0,1,1,0,0,4,0
20,,Unknown,Unknown,0,3,31,Other,Alappuzha,0,1,2,1,4600.0,4600.0,600.0,1200.0,2800.0,2800.0,9200.0,600.0,2800.0,12600.0,1,1,0,0,4,0
20,,Unknown,Unknown,0,3,32,Other,Kottayam,0,2,2,2,3600.0,4400.0,800.0,1000.0,1900.0,2250.0,7200.0,800.0,1900.0,9900.0,1,1,0,0,4,0
20,,Unknown,Unknown,0,3,33,Other,Ernakulam,0,2,2,2,3900.0,4150.0,500.0,575.0,2500.0,2550.0,7800.0,500.0,2500.0,10800.0,1,1,0,0,4,0
20,,Unknown,Unknown,0,3,34,Waterfall,Thrissur,0,2,2,2,3200.0,4000.0,400.0,900.0,1800.0,2000.0,6400.0,400.0,1800.0,8600.0,1,1,0,0,4,0
20,,Unknown,Unknown,0,3,35,Hill Station,Idukki,0,2,2,2,2700.0,2950.0,1500.0,2500.0,2000.0,2400.0,5400.0,1500.0,2000.0,8900.0,1,1,0,0,4,0
20,,Unknown,Unknown,0,3,36,Beach,Kasaragod,0,2,2,2,2600.0,3350.0,350.0,650.0,1700.0,2100.0,5200.0,350.0,1700.0,7250.0,1,1,0,0,4,0
20,,Unknown,Unknown,0,3,37,Hill Station,Thiruvananthapuram,0,2,2,2,2500.0,2800.0,450.0,575.0,1900.0,2250.0,5000.0,450.0,1900.0,7350.0,1,1,0,0,4,0
20,,Unknown,Unknown,0,3,38,Wildlife,Palakkad,0,2,2,2,2600.0,3000.0,650.0,925.0,2200.0,2300.0,5200.0,650.0,2200.0,8050.0,1,1,0,0,4,0
20,,Unknown,Unknown,0,3,39,Beach,Alappuzha,0,2,2,2,2900.0,3750.0,450.0,675.0,1700.0,2050.0,5800.0,450.0,1700.0,7950.0,1,1,0,0,4,0
20,,Unknown,Unknown,0,3,40,Other,Kollam,0,2,2,2,2500.0,2800.0,400.0,500.0,1800.0,2200.0,5000.0,400.0,1800.0,7200.0,1,1,0,0,4,0
33,,Unknown,Unknown,0,3,1,Hill Station,Idukki,0,2,2,1,3500.0,4100.0,750.0,975.0,2500.0,2500.0,7000.0,750.0,2500.0,10250.0,1,1,1,0,5,1
33,,Unknown,Unknown,0,3,11,Beach,Alappuzha,0,2,2,2,2200.0,2500.0,300.0,350.0,1600.0,1900.0,4400.0,300.0,1600.0,6300.0,1,1,0,0,4,0
33,,Unknown,Unknown,0,3,12,Wildlife,Idukki,0,2,2,1,2900.0,3350.0,850.0,875.0,2000.0,2000.0,5800.0,850.0,2000.0,8650.0,1,1,0,0,4,0
33,,Unknown,Unknown,0,3,16,Hill Station,Wayanad,0,3,2,1,2500.0,3425.0,800.0,950.0,2400.0,2400.0,5000.0,800.0,2400.0,8200.0,1,1,0,0,4,0
33,,Unknown,Unknown,0,3,29,Beach,Thiruvananthapuram,0,2,2,2,2800.0,3200.0,500.0,1500.0,1800.0,2100.0,5600.0,500.0,1800.0,7900.0,1,1,0,0,4,0
33,,Unknown,Unknown,0,3,30,Beach,Thiruvananthapuram,0,2,2,2,3800.0,4150.0,1200.0,1400.0,1600.0,2050.0,7600.0,1200.0,1600.0,10400.0,1,1,0,0,4,0
33,,Unknown,Unknown,0,3,31,Other,Alappuzha,0,1,2,1,4600.0,4600.0,600.0,1200.0,2800.0,2800.0,9200.0,600.0,2800.0,12600.0,1,1,0,0,4,0
33,,Unknown,Unknown,0,3,32,Other,Kottayam,0,2,2,2,3600.0,4400.0,800.0,1000.0,1900.0,2250.0,7200.0,800.0,1900.0,9900.0,1,1,0,0,4,0
33,,Unknown,Unknown,0,3,33,Other,Ernakulam,0,2,2,2,3900.0,4150.0,500.0,575.0,2500.0,2550.0,7800.0,500.0,2500.0,10800.0,1,1,0,0,4,0
33,,Unknown,Unknown,0,3,34,Waterfall,Thrissur,0,2,2,2,3200.0,4000.0,400.0,900.0,1800.0,2000.0,6400.0,400.0,1800.0,8600.0,1,1,0,0,4,0
33,,Unknown,Unknown,0,3,35,Hill Station,Idukki,0,2,2,2,2700.0,2950.0,1500.0,2500.0,2000.0,2400.0,5400.0,1500.0,2000.0,8900.0,1,1,0,0,4,0
33,,Unknown,Unknown,0,3,36,Beach,Kasaragod,0,2,2,2,2600.0,3350.0,350.0,650.0,1700.0,2100.0,5200.0,350.0,1700.0,7250.0,1,1,0,0,4,0
33,,Unknown,Unknown,0,3,37,Hill Station,Thiruvananthapuram,0,2,2,2,2500.0,2800.0,450.0,575.0,1900.0,2250.0,5000.0,450.0,1900.0,7350.0,1,1,0,0,4,0
33,,Unknown,Unknown,0,3,38,Wildlife,Palakkad,0,2,2,2,2600.0,3000.0,650.0,925.0,2200.0,2300.0,5200.0,650.0,2200.0,8050.0,1,1,0,0,4,0
33,,Unknown,Unknown,0,3,39,Beach,Alappuzha,0,2,2,2,2900.0,3750.0,450.0,675.0,1700.0,2050.0,5800.0,450.0,1700.0,7950.0,1,1,0,0,4,0
33,,Unknown,Unknown,0,3,40,Other,Kollam,0,2,2,2,2500.0,2800.0,400.0,500.0,1800.0,2200.0,5000.0,400.0,1800.0,7200.0,1,1,0,0,4,0
1,,Unknown,Unknown,0,3,1,Hill Station,Idukki,0,2,2,1,3500.0,4100.0,750.0,975.0,2500.0,2500.0,7000.0,750.0,2500.0,10250.0,1,1,1,1,7,1
1,,Unknown,Unknown,0,3,11,Beach,Alappuzha,0,2,2,2,2200.0,2500.0,300.0,350.0,1600.0,1900.0,4400.0,300.0,1600.0,6300.0,1,1,0,0,4,0
1,,Unknown,Unknown,0,3,12,Wildlife,Idukki,0,2,2,1,2900.0,3350.0,850.0,875.0,2000.0,2000.0,5800.0,850.0,2000.0,8650.0,1,1,0,0,4,0
1,,Unknown,Unknown,0,3,16,Hill Station,Wayanad,0,3,2,1,2500.0,3425.0,800.0,950.0,2400.0,2400.0,5000.0,800.0,2400.0,8200.0,1,1,0,0,4,0
1,,Unknown,Unknown,0,3,29,Beach,Thiruvananthapuram,0,2,2,2,2800.0,3200.0,500.0,1500.0,1800.0,2100.0,5600.0,500.0,1800.0,7900.0,1,1,0,0,4,0
1,,Unknown,Unknown,0,3,30,Beach,Thiruvananthapuram,0,2,2,2,3800.0,4150.0,1200.0,1400.0,1600.0,2050.0,7600.0,1200.0,1600.0,10400.0,1,1,0,0,4,0
1,,Unknown,Unknown,0,3,31,Other,Alappuzha,0,1,2,1,4600.0,4600.0,600.0,1200.0,2800.0,2800.0,9200.0,600.0,2800.0,12600.0,1,1,0,0,4,0
1,,Unknown,Unknown,0,3,32,Other,Kottayam,0,2,2,2,3600.0,4400.0,800.0,1000.0,1900.0,2250.0,7200.0,800.0,1900.0,9900.0,1,1,0,0,4,0
1,,Unknown,Unknown,0,3,33,Other,Ernakulam,0,2,2,2,3900.0,4150.0,500.0,575.0,2500.0,2550.0,7800.0,500.0,2500.0,10800.0,1,1,0,0,4,0
1,,Unknown,Unknown,0,3,34,Waterfall,Thrissur,0,2,2,2,3200.0,4000.0,400.0,900.0,1800.0,2000.0,6400.0,400.0,1800.0,8600.0,1,1,0,0,4,0
1,,Unknown,Unknown,0,3,35,Hill Station,Idukki,0,2,2,2,2700.0,2950.0,1500.0,2500.0,2000.0,2400.0,5400.0,1500.0,2000.0,8900.0,1,1,0,0,4,0
1,,Unknown,Unknown,0,3,36,Beach,Kasaragod,0,2,2,2,2600.0,3350.0,350.0,650.0,1700.0,2100.0,5200.0,350.0,1700.0,7250.0,1,1,0,0,4,0
1,,Unknown,Unknown,0,3,37,Hill Station,Thiruvananthapuram,0,2,2,2,2500.0,2800.0,450.0,575.0,1900.0,2250.0,5000.0,450.0,1900.0,7350.0,1,1,0,0,4,0
1,,Unknown,Unknown,0,3,38,Wildlife,Palakkad,0,2,2,2,2600.0,3000.0,650.0,925.0,2200.0,2300.0,5200.0,650.0,2200.0,8050.0,1,1,0,0,4,0
1,,Unknown,Unknown,0,3,39,Beach,Alappuzha,0,2,2,2,2900.0,3750.0,450.0,675.0,1700.0,2050.0,5800.0,450.0,1700.0,7950.0,1,1,0,0,4,0
1,,Unknown,Unknown,0,3,40,Other,Kollam,0,2,2,2,2500.0,2800.0,400.0,500.0,1800.0,2200.0,5000.0,400.0,1800.0,7200.0,1,1,0,0,4,0
